,Platform,PostType,Likes
0,Facebook,Image,555.8936170212766
1,Facebook,Link,468.6875
2,Facebook,Video,505.0
3,Instagram,Image,502.64
4,Instagram,Link,459.33962264150944
5,Instagram,Video,461.5357142857143
6,LinkedIn,Image,449.42857142857144
7,LinkedIn,Link,473.8157894736842
8,LinkedIn,Video,487.06666666666666
9,Twitter,Image,537.695652173913
10,Twitter,Link,543.3508771929825
11,Twitter,Video,522.9152542372881
